CustomerID,Predicted_Churn,Churn_Probability
0604-THJFP,0,0.026608545963316518
4059-IIEBK,1,0.7163150284925784
2228-BZDEE,0,0.03452030737812555
2839-RFSQE,0,0.2203479769036247
5360-LJCNJ,0,0.2014723104251565
7752-XUSCI,1,0.7243160826240126
8277-RVRSV,0,0.050081597519225425
3530-CRZSB,0,0.27178989609895665
2845-HSJCY,1,0.7011779381410207
0336-KXKFK,0,0.020355979836731448
7044-YAACC,1,0.8519684450718567
5396-IZEPB,0,0.1613527192293666
3317-VLGQT,1,0.8014102205240461
6967-PEJLL,0,0.05534866263421998
2091-MJTFX,0,0.18096448246417263
2034-GDRCN,1,0.8923447637574129
8676-TRMJS,1,0.7784028951969156
6298-QDFNH,1,0.6855195190191957
0701-TJSEF,0,0.20506045630944442
5743-KHMNA,0,0.03580045575556253
0613-WUXUM,0,0.008042964925550594
3137-LUPIX,1,0.614692245163051
3716-UVSPD,0,0.42756424216609745
4800-CZMPC,0,0.2135250881189103
5144-PQCDZ,0,0.2671134696125384
9286-DOJGF,1,0.7125467615630012
6258-NGCNG,0,0.27954147269577884
1335-MXCSE,0,0.02097037428919958
6322-HRPFA,0,0.12173487305744372
6646-QVXLR,1,0.5051443951635177
6941-KXRRV,0,0.15700132408407233
3716-BDVDB,1,0.9207717139918993
2465-BLLEU,1,0.7099999803955911
1525-LNLOJ,0,0.05051741055630611
0390-DCFDQ,1,0.911679379822135
0258-NOKBL,1,0.7614440006725852
6303-KFWSL,0,0.1449853134621483
1194-BHJYC,0,0.023754292418547335
5049-GLYVG,1,0.5346421889110194
1685-VAYJF,0,0.4801760189897201
2348-KCJLT,0,0.062082258750345475
6425-JWTDV,0,0.013038196413622232
3022-BEXHZ,0,0.3326104769334459
0670-ANMUU,0,0.0665202084585147
6349-JDHQP,0,0.0473981782480984
0961-ZWLVI,0,0.1671906404234459
9289-LBQVU,0,0.040649497780711634
4759-PXTAN,0,0.11438655116813647
6695-AMZUF,0,0.03782431857902275
9114-AAFQH,0,0.17974214261492716
9992-UJOEL,0,0.4986343905107682
1776-SPBWV,0,0.06167828421432151
3692-JHONH,1,0.5371746608259117
7495-OOKFY,1,0.7007515963287957
5982-PSMKW,0,0.016663377118461335
3298-QEICA,0,0.01978174408680048
8757-TFHHJ,0,0.4340337415633914
5022-JNQEQ,0,0.4964497828560802
2418-TPEUN,0,0.02816930021373576
4229-CZMLL,1,0.8150956422920792
0191-EQUUH,0,0.0496269345163193
3099-OONVS,0,0.12151924227107301
0491-KAPQG,1,0.7555410866934865
1090-ESELR,0,0.04396998414263935
2208-NKVVH,0,0.02251642461524023
9496-IVVRP,0,0.2671208568349565
5016-LIPDW,0,0.04740511431894745
8204-TIFGJ,0,0.20835909672833652
7684-XSZIY,0,0.017879873223466562
0440-QEXBZ,0,0.2689850619869489
6285-FTQBF,0,0.010430290920911295
3707-GNWHM,1,0.9046017951057793
0019-GFNTW,0,0.08349883082023102
8988-ECPJR,0,0.4243307341662562
9397-TZSHA,0,0.04320823558618356
1989-PRJHP,1,0.6608578834465544
3587-PMCOY,1,0.7426472602824876
8292-FRFZQ,0,0.15063930003386536
1775-KWJKQ,0,0.013896257175637545
6137-MFAJN,0,0.33195053875831115
1395-WSWXR,0,0.012501379258404968
9046-JBFWA,0,0.03607684698979249
9871-ELEYA,0,0.03496818959396532
6712-OAWRH,1,0.841494989976287
2361-UPSND,0,0.07011718688678016
4817-KEQSP,0,0.029060068702548594
2842-BCQGE,1,0.6593576251637262
4190-MFLUW,0,0.2646618769498835
1640-PLFMP,1,0.9268888462224038
6635-CPNUN,1,0.6735201381865463
6620-HVDUJ,0,0.18084046791686503
4706-AXVKM,1,0.8176720449262995
5495-GPSRW,0,0.01973105177169006
6847-KJLTS,1,0.5782299108924032
1023-BQXZE,0,0.05148693369699774
4806-DXQCE,0,0.12924391369648322
5360-XGYAZ,0,0.019489968972366035
8631-WUXGY,1,0.6484807375393373
3780-YVMFA,0,0.402662568925957
7971-HLVXI,0,0.056751230699762775
9842-EFSYY,0,0.46601161444326783
0277-BKSQP,0,0.47467106395122677
9154-QDGTH,0,0.4264998576119929
1208-NBVFH,0,0.29687628524035886
0866-QLSIR,0,0.04756159369734962
9667-TKTVZ,1,0.5904002163231944
0611-DFXKO,1,0.6068089268175821
8040-MNRTF,1,0.9160821122636761
8107-KNCIM,1,0.7173910729047209
8938-UMKPI,1,0.8017958569510051
0670-KDOMA,1,0.6717333851983082
0428-IKYCP,1,0.6901425490597508
0506-YLVKJ,0,0.013225554993944748
3133-PZNSR,0,0.01622382559050227
2335-GSODA,0,0.013889543732436652
0970-ETWGE,1,0.9370428016424646
9576-SYUHJ,0,0.451070377928674
7606-BPHHN,0,0.014594166296622942
3108-PCCGG,0,0.01903798315165753
6022-UGGSO,1,0.7012980200694723
3506-OVLKD,0,0.08044015194763378
7473-ZBDSN,0,0.007171997741566551
6766-HFKLA,0,0.29147132488567257
9139-WQQDY,0,0.19772397151451251
4846-WHAFZ,1,0.7685425480947634
8896-BQTTI,0,0.4589031668862332
3727-RJMEO,1,0.8682298537574624
3889-VWBID,0,0.03131836501668958
7688-AWMDX,0,0.027719199674528804
6752-APNJL,0,0.09720651283807481
1270-XKUCC,0,0.016805979012639714
1024-GUALD,1,0.8851226400849197
6997-UVGOX,0,0.025277919643360302
4317-VTEOA,1,0.7276818791272589
2725-TTRIQ,0,0.021752846206439237
0307-BCOPK,0,0.02028593259884227
6372-RFVNS,1,0.9329612531337839
4749-OJKQU,1,0.8912097026759188
5575-TPIZQ,0,0.42648533703930475
7706-DZNKK,0,0.1880297209916623
8092-NLTGF,0,0.024140200941047338
6295-OSINB,0,0.03124558165880926
1956-YIFGE,0,0.41480041368589105
6463-MVYRY,0,0.03195034001832458
4695-VADHF,0,0.3285371384243788
5630-IXDXV,1,0.8017958569510051
0813-TAXXS,0,0.0647782701344843
4445-ZJNMU,1,0.9023570887839222
5356-KZCKT,0,0.03516532195717872
4644-PIZRT,0,0.08469223223253627
8181-YHCMF,0,0.03302885490379273
0742-MOABM,0,0.47183653114172097
6362-QHAFM,1,0.706892733230581
3161-ONRWK,0,0.032787563186595634
0952-KMEEH,1,0.6226271296416099
6047-SUHPR,0,0.09285315690674396
4412-YLTKF,1,0.6547160763274401
1227-UDMZR,0,0.015983762560803454
1223-UNPKS,0,0.013758930976969503
7762-ONLJY,0,0.05106794760395607
0430-IHCDJ,1,0.5735649564228608
4967-WPNCF,0,0.02173403816595053
3021-VLNRJ,0,0.048390178704244106
9103-TCIHJ,0,0.261336163958777
0835-JKADZ,0,0.09935394594454926
2346-DJQTB,1,0.6644977398661537
3301-LSLWQ,0,0.316592531468212
5970-GHJAW,0,0.014301808556430849
2834-JKOOW,0,0.07602135556844761
2188-SXWVT,0,0.06794028756833652
8421-WZOOW,0,0.20445247265943625
9968-FFVVH,0,0.05849261597835485
1391-UBDAR,1,0.6741427432906201
0134-XWXCE,0,0.15238806967116816
7296-PIXQY,1,0.6994833220657023
6047-YHPVI,1,0.8420323060405185
0895-LMRSF,0,0.12276022296221724
0004-TLHLJ,1,0.8527310713251398
2907-ILJBN,0,0.05319583956305727
7306-YDSOI,0,0.029335427701277474
4475-NVTLU,0,0.01147575569769313
9710-ZUSHQ,0,0.37935167147654103
6946-LMSQS,0,0.26279776421120726
8601-QACRS,1,0.7093631269418302
4231-LZUYM,0,0.02244019545193843
8380-PEFPE,1,0.8875007915892077
2867-UIMSS,1,0.9209997604139321
9814-AOUDH,0,0.037646231899379316
4032-RMHCI,0,0.1040243306484788
1452-KIOVK,0,0.4860801668618946
4365-MSDYN,0,0.25455152276621645
0383-CLDDA,0,0.04875165454710416
1293-HHSHJ,0,0.051810723901625534
9822-OAOVB,1,0.5979455259475749
7249-WBIYX,1,0.8643386473960017
6652-YFFJO,1,0.593046709538438
9128-CPXKI,0,0.3072088988075617
5127-BZENZ,0,0.05865549510107922
5924-SNGKP,0,0.055664881341080295
2919-HBCJO,1,0.8423139913355215
5622-UEJFI,0,0.020480793461201706
2000-MPKCA,0,0.37073981871498074
4830-FAXFM,0,0.15168117274427734
7629-WFGLW,0,0.07631742132052237
6259-WJQLC,0,0.4968574792958935
4854-CIDCF,1,0.8425902307200132
2074-GUHPQ,0,0.40121600140297875
7579-OOPEC,0,0.4113825015862847
8714-EUHJO,1,0.6017592501927449
1707-HABPF,0,0.2200970954212913
2860-RANUS,1,0.7825488044565468
5150-ITWWB,1,0.9084132067931974
4690-LLKUA,1,0.5854558625211169
5716-LIBJC,0,0.39205644268750245
2485-ITVKB,1,0.800284441936408
1357-MVDOZ,0,0.38131104272291017
3926-YZVVX,0,0.08805545371330799
0668-OGMHD,0,0.39007740921322526
7279-BUYWN,1,0.6356150690715049
7338-ERIVA,0,0.08717142637133041
8049-WJCLQ,0,0.34061826630429703
0388-EOPEX,1,0.5152870107830919
3296-SILRA,1,0.8989759448516449
8920-NAVAY,0,0.4172571980209414
1834-ABKHQ,0,0.07301743473228788
3043-TYBNO,0,0.49139362421489285
2573-GYRUU,1,0.5020762119392047
0979-PHULV,0,0.4944719191667017
4918-FYJNT,0,0.32308029416720013
3930-ZGWVE,1,0.6250385273450728
5766-ZJYBB,1,0.5113073251949433
0121-SNYRK,0,0.04272319852132221
3174-AKMAS,0,0.03759388797606355
1212-GLHMD,1,0.6107846817714038
6741-EGCBI,0,0.4433824574659253
6248-TKCQV,0,0.03404721014715936
9489-JMTTN,0,0.016196615792913586
1568-LJSZU,0,0.022411593909433584
5126-RCXYW,0,0.028503680880697994
6961-MJKBO,0,0.03093377627466318
9174-IHETN,0,0.07948932128462631
4160-AMJTL,0,0.3399166215079684
2257-BOVXD,0,0.20631182493717073
1550-LOAHA,1,0.6292303267168081
1972-XMUWV,0,0.03170055355710481
2088-IEBAU,0,0.03928941290194122
0825-CPPQH,0,0.009248739271459125
2070-FNEXE,1,0.6505864733587046
1731-TVIUK,1,0.7888718294630254
1697-NVVGY,0,0.2841419584744151
6754-WKSHP,0,0.05314120923422017
7036-ZZKBD,0,0.11321889652170454
2203-GHNWN,0,0.42156912067346036
8722-PRFDV,0,0.03560862669722367
7527-QNRUS,0,0.014297108890268372
7861-UVUFT,1,0.810410255391197
3563-SVYLG,0,0.02421712041643338
0431-APWVY,0,0.3693436695189652
1656-DRSMG,1,0.5103676780539708
2027-FECZV,1,0.8159487188715796
6857-TKDJV,0,0.030132193333306384
0841-NULXI,1,0.8938513862764379
3891-PUQOD,1,0.8226711407110625
1229-RCALF,0,0.1617863865227205
2122-SZZZD,0,0.048338140181034814
2386-LAHRK,1,0.7792956003650959
9112-WSNPU,1,0.6582084637983842
9127-FHJBZ,0,0.015734424967615915
5301-GAUUY,1,0.583384010978612
2139-FQHLM,0,0.3221906416227589
8325-QRPZR,1,0.8388526455398349
5129-JLPIS,1,0.6672262662755479
3796-ENZGF,0,0.01771512256254482
6769-DYBQN,0,0.4962232760318274
5312-TSZVC,0,0.04371638855028269
1205-WNWPJ,1,0.559525665109751
6328-ZPBGN,1,0.8739847522931277
3392-EHMNK,0,0.05137972193870233
9224-VTYID,0,0.012560999584148733
2843-CQMEG,0,0.18643187688683513
4701-AHWMW,0,0.3375739876557392
1894-IGFSG,1,0.8419719566715351
0665-XHDJU,0,0.1098222533712454
6174-NRBTZ,0,0.19323441311320558
7067-KSAZT,0,0.46647433260874577
1140-UKVZG,0,0.20108539380766852
4248-QPAVC,1,0.5069350629933407
6698-OXETB,0,0.026586454828888086
5574-NXZIU,0,0.20531905590237448
0959-WHOKV,0,0.29248564598667337
2458-EOMRE,0,0.3421522139517446
9933-QRGTX,0,0.0716929952855421
0690-SRQID,0,0.2825411360568729
1150-WFARN,0,0.18099947152691653
0363-QJVFX,1,0.5777363117927217
0744-GKNGE,0,0.2036109328863485
6685-GBWJZ,0,0.06877536602480086
5133-VRSAB,0,0.25237457556099707
5702-KVQRD,0,0.03254902085194819
5057-RKGLH,0,0.028712695532733756
9378-FXTIZ,0,0.08246443603303286
6710-HSJRD,1,0.5655297995864766
1074-WVEVG,0,0.035323406941663624
0678-RLHVP,0,0.41079503505876197
1820-TQVEV,1,0.9207717139918993
1635-FJFCC,1,0.6982666158035409
0123-CRBRT,0,0.014027204730521214
4905-JEFDW,0,0.35688911521773414
7401-JIXNM,0,0.02801301669011914
8990-YOZLV,0,0.021116301942943713
1092-GANHU,1,0.7076052414164895
5207-PLSTK,0,0.4899576807899174
2144-BFDSO,1,0.5143427469840332
9624-EGDEQ,0,0.025524660137059157
7157-SMCFK,0,0.028710905761654405
4174-LPGTI,0,0.10141822558663707
9391-DXGGG,0,0.17681002043370975
8807-ARQET,1,0.6589386048290061
9644-KVCNC,0,0.338964442599665
5736-YEJAX,0,0.022517045610024253
0023-UYUPN,0,0.07748193860976993
1915-OAKWD,0,0.06212249868461131
8033-VCZGH,0,0.48087837464760186
1436-ZMJAN,0,0.46721556253450097
9507-EXLTT,1,0.928596724640827
3966-HRMZA,1,0.8044456480011135
9586-JGQKH,0,0.26757688576332656
9453-PATOS,0,0.01021721533205072
8261-GWDBQ,0,0.10898053201146693
4813-HQMGZ,1,0.7664611487377847
2883-ILGWO,1,0.6983666768898473
5949-HGVJL,0,0.2502366283070782
6754-LZUKA,0,0.051749970406525445
6198-ZFIOJ,1,0.8720102099333095
7409-KIUTL,1,0.9081834892530865
4323-SADQS,0,0.20283172943518504
2068-WWXQZ,0,0.03093377627466318
1936-UAFEH,0,0.4014758316065834
5236-PERKL,0,0.43291376241909896
8189-HBVRW,0,0.30784030712091515
1370-GGAWX,0,0.39797757895939007
1200-TUZHR,1,0.8980764538367223
4851-BQDNX,0,0.25505958888074065
8319-QBEHW,0,0.14962511265570394
4250-WAROZ,0,0.19850900935031068
7072-MBHEV,1,0.5217418203798966
8245-UMPYT,1,0.9025396902307136
9522-BNTHX,1,0.5913848714891277
9646-NMHXE,0,0.01739524515704427
1062-LHZOD,1,0.8576924284061506
1035-IPQPU,1,0.7271171564532033
8024-XNAFQ,0,0.04396810710952669
7205-BAIAD,0,0.04329760425878629
8083-YTZES,1,0.875195973550733
4919-IKATY,1,0.5368463107915982
8975-SKGRX,0,0.06376023132756554
4029-HPFVY,1,0.7670391790771643
3519-ZKXGG,1,0.8646690908938408
5214-CHIWJ,0,0.033586260166854204
0936-NQLJU,0,0.026311105721931603
8873-GLDMH,1,0.7585935292111431
7952-OBOYL,1,0.6693043482089641
5334-JLAXU,0,0.26797632433047497
7529-ZDFXI,1,0.6177961137518314
4735-ASGMA,1,0.660638732827507
2338-BQEZT,0,0.3183843001274076
1493-AMTIE,1,0.740719033164865
2676-SSLTO,0,0.05758682110231269
5876-HZVZM,0,0.2104601379408801
8375-DKEBR,1,0.9313959715629928
7776-QGYJC,0,0.4563743294315481
2866-IKBTM,1,0.5323181243726609
0214-JHPFW,0,0.048767235076056493
3334-CTHOL,1,0.7549694962661129
7470-MCQTK,1,0.612480519328665
0016-QLJIS,0,0.012393128669736
5956-YHHRX,1,0.8620050414233653
3933-DQPWX,0,0.04645000684798912
7750-EYXWZ,0,0.1703514854261903
9040-KZVWO,0,0.2193354926875506
3677-IYRBF,1,0.8002511207317832
4501-UYKBC,0,0.08926520488710508
0345-XMMUG,0,0.1825364641962725
0310-MVLET,1,0.5625737667462217
4521-YEEHE,1,0.6252674691206798
6429-SHBCB,0,0.27507929902661576
9283-LZQOH,0,0.41057402552275196
3372-CDXFJ,0,0.04991010143741723
7075-BNDVQ,1,0.5153972999693242
4056-QHXHZ,0,0.03562381724258745
5351-QESIO,1,0.7695720261320332
3374-LXDEV,0,0.4700776774072885
1087-UDSIH,0,0.3431541727956316
3916-NRPAP,1,0.8032146991931405
6969-MVBAI,1,0.8432606266157519
6319-IEJWJ,1,0.6964765008913677
7912-SYRQT,1,0.8447925428197228
5539-TMZLF,1,0.9207717139918993
2985-FMWYF,1,0.8589880805697396
9359-JANWS,0,0.03268142263922744
3620-EHIMZ,0,0.02854681232734566
4026-SKKHW,0,0.48879368857764754
8622-ZLFKO,1,0.9058848301671151
3496-LFSZU,1,0.8519684450718567
7398-LXGYX,0,0.28624044123835146
3452-ABWRL,1,0.6084890311751909
7351-MHQVU,0,0.22042690254721495
4060-LDNLU,1,0.9637727877440632
4648-YPBTM,0,0.03554287234531994
8660-BUETV,1,0.5691576174734921
1345-GKDZZ,0,0.13917596342706726
4112-LUEIZ,1,0.8617898230404851
5419-KLXBN,1,0.528394208947276
6233-HXJMX,1,0.576989446576861
7398-SKNQZ,1,0.9176688016713004
5712-PTIWW,1,0.6551540470066916
2673-ZALNP,0,0.07880259951238157
6212-ATMLK,1,0.8124612654055489
9402-ROUMJ,0,0.19508410539931975
0256-LTHVJ,1,0.5597218359109781
4785-QRJHC,0,0.14135319571726532
4999-IEZLT,0,0.13450996299008003
7868-BGSZA,0,0.13091286314274334
4237-RLAQD,1,0.8105383677462465
1171-TYKUR,0,0.3216735430757083
6248-BSHKG,0,0.031217091369047312
6016-LVTJQ,0,0.11971152365209037
4667-OHGKG,0,0.46821973971500497
7781-EWARA,0,0.10943301124821093
5730-DBDSI,0,0.04564486624662514
9692-TUSXH,1,0.7724298523624852
0519-DRGTI,0,0.12133852656611215
3551-GAEGL,0,0.08502369196596281
5442-BHQNG,1,0.817346338067424
5600-KTXFM,1,0.5057653836724142
4445-KWOKW,0,0.11865046964869946
2959-MJHIC,1,0.8738478915286604
4587-VVTOX,1,0.8549679994292474
7105-MXJLL,0,0.06467917428460573
1143-NMNQJ,1,0.8966490703993177
6845-RGTYS,0,0.4647123196423697
3521-HTQTV,0,0.03521117930008235
3207-OYBWH,1,0.5170496628114829
2324-AALNO,0,0.09071079098898148
1222-LRYKO,0,0.12617109620137162
0015-UOCOJ,1,0.5728425289683053
7465-ZZRVX,1,0.9156298266929952
2954-PIBKO,0,0.026940404361838217
5006-MXVRN,0,0.035129240506189006
8914-RBTSB,1,0.6826718562827232
5445-PZWGX,0,0.25020481716441906
8413-YNHNV,0,0.014711734522059906
3932-CMDTD,0,0.292413591670867
0301-KOBTQ,0,0.026927694716699372
9565-DJPIB,1,0.8274289705136554
9591-YVTEB,0,0.441616479142543
3063-QFSZL,1,0.5979455259475749
6917-YACBP,0,0.2991778678061414
2277-VWCNI,1,0.749147864850291
9894-QMIMJ,0,0.08635847712881549
8224-KDLKN,0,0.01638186397577052
2995-YWTCD,0,0.02998029003818601
8028-PNXHQ,0,0.03276846399227135
4376-KFVRS,0,0.014532937370415278
8258-GSTJK,1,0.8587152407826546
6661-HBGWL,1,0.8026269664686491
1849-RJYIG,1,0.5195764993272068
0886-QGENL,0,0.41258365689261345
4415-IJZTP,1,0.9336112300701297
5419-CONWX,1,0.7102597014506294
6124-ACRHJ,1,0.6839389045780158
0376-YMCJC,0,0.4638374529945797
9039-RBEEE,0,0.17615817962920727
9369-XFEHK,1,0.6351744834411573
6345-ULYRW,0,0.15831431129820578
7180-PISOG,1,0.8804623901812416
8069-RHUXK,0,0.037408067538536045
5696-JVVQY,0,0.03157862424726851
0895-LNKRC,0,0.04550955944307994
2778-OCLGR,0,0.39697403583948904
5702-SKUOB,0,0.3142421366553032
6260-XLACS,0,0.08755190224482624
5820-PTRYM,0,0.03453163953685424
9251-AWQGT,0,0.017670940571273386
1716-LSAMB,0,0.024553672932751198
5829-NVSQN,0,0.05787257494462245
5605-XNWEN,0,0.020444788100179592
9986-BONCE,0,0.4031396253860037
8849-GYOKR,0,0.2496638892692469
7130-YXBRO,1,0.5247206404569515
2495-INZWQ,1,0.8164713802257345
7351-KYHQH,1,0.5277684233212917
1376-HHBDV,0,0.18866764017357734
9465-RWMXL,1,0.6608457487322736
7969-FFOWG,0,0.017684397831573696
2599-CZABP,0,0.15898147642401747
1757-TCATG,0,0.053323580019666285
7181-BQYBV,1,0.898743688034698
7571-YXDAD,1,0.7950446382652732
3807-XHCJH,1,0.7279301955832728
9318-NKNFC,0,0.21835801913437194
9602-WCXPI,0,0.055365671141325644
9050-IKDZA,1,0.8219258098465315
8443-ZRDBZ,1,0.875195973550733
8739-WWKDU,1,0.6750707995668926
6896-SRVYQ,1,0.6838223107764975
2023-VQFDL,0,0.15423946240361106
6968-GMKPR,1,0.6028347809704714
5555-RNPGT,0,0.11984172383506107
5955-EPOAZ,0,0.2526240802218804
1448-PWKYE,1,0.878713609482328
3413-CSSTH,0,0.30963020153319765
7018-FPXHH,0,0.024423373748220956
2798-NYLMZ,0,0.26695831370973094
8194-PEEBY,0,0.02458317150403474
6048-QBXKL,1,0.6181895158548968
5356-CSVSQ,1,0.6484653431037184
3612-YVGSJ,0,0.028275082948645443
9025-ZRPVR,0,0.31321246088498955
6646-VRFOL,1,0.7742932366274884
1036-GUDCL,0,0.0748631567208278
0020-INWCK,0,0.05602953667226351
4824-GUCBY,1,0.5815184096118712
7666-WKRON,0,0.11947713836965602
6608-QQLVK,1,0.7999022094384901
4378-BZYFP,0,0.04307577487962082
4633-MKHYU,1,0.8128839657523974
8637-XJIVR,1,0.5679041177911268
3778-FOAQW,0,0.029888182711839212
2057-ZBLPD,1,0.8367509819168933
0931-MHTEM,0,0.36410766055390803
1240-KNSEZ,1,0.7799738750691296
1963-VAUKV,0,0.4530210146335377
9227-YBAXE,0,0.028097612504629752
5049-MUBWG,0,0.1183452777698138
6821-BUXUX,1,0.6457142347580003
7594-LZNWR,1,0.6000326882298497
2509-TFPJU,0,0.015140742652893129
3908-BLSYF,1,0.8560014338712308
4873-ILOLJ,1,0.7481079487802409
3594-IVHJZ,0,0.22303222278358936
6218-KNUBD,1,0.5277761312071505
5067-WJEUN,0,0.020959273059897032
3780-DDGSE,0,0.1928211801764562
3689-MOZGR,0,0.4474812315973119
4223-BKEOR,0,0.0724967279026141
0064-YIJGF,0,0.46733775628008245
0616-ATFGB,1,0.8614809255167163
3967-KXAPS,0,0.015709072464939584
5339-TJFEK,0,0.2900783988948232
0365-BZUWY,1,0.8033903644754996
1236-WFCDV,1,0.666817838125638
0330-IVZHA,1,0.8560201743171246
6910-HADCM,1,0.923968531896083
3094-JOJAI,0,0.4925804616334109
3594-UVONA,0,0.15453970253489172
2138-VFAPZ,0,0.018892143130872792
4641-FROLU,0,0.012594634029111033
7018-WBJNK,1,0.5417389716266661
0083-PIVIK,0,0.08233652194801395
1429-UYJSV,0,0.050270699641426324
7115-IRDHS,0,0.02244019545193843
3164-YAXFY,1,0.5327493198428471
0916-KNFAJ,0,0.019972833549583978
3244-CQPHU,0,0.12780912457860155
6445-TNRXS,0,0.0984311944314593
3211-ILJTT,1,0.6393171349046178
3890-RTCMS,0,0.18234970046347662
3724-BSCVH,0,0.0376398968187876
1768-ZAIFU,1,0.8897433936164997
7432-FFVAR,0,0.1798052895349
6682-QJDGB,0,0.08481900442875581
3635-QQRQD,0,0.028219823295422934
7251-XFOIL,0,0.3392812127259593
3926-CUQZX,1,0.8491307775693915
9972-VAFJJ,0,0.13893025232659842
6542-LWGXJ,1,0.7267060864494047
7343-EOBEU,0,0.31060665869438847
5899-OUVKV,1,0.7361935863493527
1074-AMIOH,1,0.5630751407231179
9152-AMKAK,0,0.04894807798513316
6833-JMZYP,1,0.7691720623334467
3398-GCPMU,0,0.012636198186694883
3391-JSQEW,0,0.17974857808311545
7239-HZZCX,1,0.6250385273450728
2908-ZTPNF,0,0.3822244979855648
6979-ZNSFF,1,0.9062354370387669
0018-NYROU,1,0.8560201743171246
6797-UCJHZ,0,0.39353517944908395
2364-UFROM,0,0.07105144629958936
0909-SDHNU,0,0.33165845151356327
6861-XWTWQ,1,0.9405369191869704
1139-WUOAH,0,0.051297082906157844
7250-EQKIY,1,0.7606302722703479
7754-IXRMC,1,0.8440618036051305
6284-AHOOQ,1,0.5373299179938026
8821-XNHVZ,1,0.9033629967194241
4546-FOKWR,1,0.7629635953907106
4979-HPRFL,0,0.03509235671707976
3352-ALMCK,1,0.6913602461820878
1045-LTCYT,0,0.17304965150581578
4489-SNOJF,0,0.17607379670562973
4191-XOVOM,1,0.6317855235079761
1848-LBZHY,0,0.489907755292371
9092-GDZKO,0,0.21224576644912646
9761-XUJWD,0,0.47356732932869594
8059-UDZFY,0,0.3796875979050938
3378-AJRAO,0,0.053214480043476106
7047-FWEYA,0,0.41615600725640955
5268-DSMNQ,0,0.2404482100711626
9940-RHLFB,1,0.9197017621111561
2606-RMDHZ,1,0.5443086673134377
0818-OCPZO,1,0.5176473968770833
5120-ZBLAI,0,0.13480320124484887
4631-OACRM,1,0.8139741119314373
8593-WHYHV,1,0.8922860329948652
4234-XTNEA,1,0.836035108336382
3234-VKACU,1,0.5373885327896921
3745-HRPHI,0,0.046689955129606026
7554-AKDQF,1,0.6273721228956961
3197-ARFOY,0,0.47093156119176044
9121-PHQSR,1,0.6637481910704756
1587-FKLZB,0,0.440512099148383
8058-DMYRU,1,0.6740326250574877
1264-FUHCX,0,0.12070889938900957
4343-EJVQB,1,0.5175939790303686
6713-OKOMC,0,0.40836154715434875
3649-JPUGY,0,0.022724258389525943
1004-NOZNR,0,0.2053182148492787
9364-YKUVW,0,0.15577091579850433
6194-HBGQN,0,0.05611130864349428
3229-USWAR,0,0.12651042078931676
3658-KIBGF,0,0.42245119285432364
9643-YBLUR,0,0.32573501740158617
1845-ZLLIG,1,0.6046094186530615
0524-IAVZO,1,0.8026158184231094
5692-FPTAH,1,0.8396590554252809
6317-YPKDH,1,0.6889174481383531
9823-EALYC,0,0.01293133927086618
9167-APMXZ,1,0.8088414228404942
8246-SHFGA,0,0.22850964089028694
3413-DHLPB,0,0.4181815168545185
2533-QVMSK,0,0.06676248888777342
8751-EDEKA,1,0.5230909868540597
2696-RZVZW,0,0.030137943480590835
0484-JPBRU,0,0.25483175966565225
8849-AYPTR,1,0.7984440378924303
8671-KKKOS,0,0.4549174116650094
2824-MYYBN,1,0.7630812999333192
1112-CUNAO,1,0.7837027632571587
9221-OTIVJ,1,0.7906505107663507
5364-EVNIB,1,0.6041985105862576
3439-GVUSX,1,0.7772477967283623
1052-QJIBV,0,0.02014697981411896
4504-YOULA,0,0.14919360232986797
6292-TOSSS,0,0.04614429333625939
9480-BQJEI,0,0.15482456539360992
1043-UXOVO,0,0.05575811119359943
4660-IRIBM,0,0.26971456342283895
9483-GCPWE,0,0.04417857255345584
0835-DUUIQ,0,0.04985957834142222
4077-HWUYD,0,0.014178425365470464
6848-HJTXY,0,0.024189966977553424
4184-VODJZ,0,0.2408343877853321
7663-RGWBC,1,0.5626456858167125
0221-NAUXK,0,0.05831117324833442
8378-LKJAF,0,0.4839271206765115
6857-VWJDT,1,0.947631536790047
0114-IGABW,0,0.05355629273669381
3177-LASXD,1,0.931155021282578
5928-QLDHB,1,0.7517142636924512
2408-PSJVE,0,0.11451046060947348
6661-EIPZC,0,0.27698012547145084
6388-TABGU,0,0.07041176312946565
0581-MDMPW,1,0.6251595881381184
2466-NEJOJ,0,0.1146985317237539
9971-ZWPBF,0,0.34374319641962153
5650-YLIBA,1,0.6805939119406633
3977-QCRSL,0,0.2972930459636511
4626-OZDTJ,0,0.07745965646162174
4869-EPIUS,0,0.36877634139757415
6164-HAQTX,0,0.03318457465898685
7668-XCFYV,1,0.8575319314045717
7209-JCUDS,1,0.889034947751479
3923-CSIHK,1,0.6255581932171125
1816-FLZDK,0,0.2510180821897729
0347-UBKUZ,0,0.18411172179094776
6345-FZOQH,0,0.022491670675351585
9337-SRRNI,0,0.02328132835148532
5458-CQJTA,0,0.02856304576781114
4250-ZBWLV,0,0.39562645483589703
7576-JMYWV,0,0.34674702652826705
9298-WGMRW,0,0.018929432476163063
4779-ZGICK,0,0.01924993750670768
6434-TTGJP,0,0.013055041740563402
2079-FBMZK,1,0.7347619838008164
7537-CBQUZ,0,0.46595817391806865
1265-ZFOSD,0,0.01618893375185207
2955-BJZHG,1,0.6149690831030342
7273-TEFQD,1,0.8550343528459468
4189-NAKJS,0,0.10876705702260178
2150-OEGBV,0,0.06304342525470324
3546-GHEAE,0,0.03708108394114675
3244-DCJWY,1,0.9268888462224038
4072-IPYLT,0,0.17393474305136467
8739-QOTTN,0,0.1525656094764341
4634-JLRJT,0,0.4568786876505838
6036-TTFYU,0,0.18481638347850857
5847-MXBEO,0,0.03950944829779609
5371-VYLSX,0,0.35863163065223935
2055-PDADH,1,0.8518983050428984
7124-UGSUR,0,0.3951490389478767
3258-SANFR,1,0.5142247658419316
2761-XECQW,0,0.4930937075492539
5297-MDOIR,0,0.09315728152902215
4713-LZDRV,1,0.8556692980174544
3466-RITXD,0,0.4251391170220974
0187-QSXOE,1,0.8903798920286249
3982-DQLUS,0,0.20578194042610046
0422-UXFAP,1,0.600350917229239
9851-KIELU,1,0.5402243927381207
4803-LBYPN,0,0.08749676889084211
1156-ZFYDO,1,0.7266002516450963
5950-AAAGJ,1,0.7461210376851078
4686-UXDML,1,0.8598363097697895
5469-CTCWN,0,0.08300731584732535
9979-RGMZT,1,0.6796799077322297
7623-TRNQN,0,0.2950339750983
5542-TBBWB,1,0.9207717139918993
8535-SFUTN,1,0.6691516327086491
9494-BDNNC,0,0.3328457170937564
9450-TRJUU,1,0.8108322342296367
5759-RCVCB,1,0.8101972104626215
2832-SCUCO,0,0.3744935515697015
8887-IPQNC,1,0.6143209101867521
8495-PRWFH,0,0.4693468747278042
6537-QLGEX,1,0.6509127626768916
2606-PKWJB,0,0.04697035015881153
1272-ILHFG,0,0.03514515129283938
8805-JNRAZ,1,0.5105000599817444
7695-PKLCZ,0,0.035118100419974325
7005-CCBKV,1,0.7963734610210597
2305-MRGLV,0,0.3549363765935367
3705-PSNGL,0,0.08199190202963963
2266-SJNAT,0,0.11068843222700117
5821-MMEIL,0,0.05380921057090179
6518-LGAOV,1,0.68336921247548
7742-MYPGI,0,0.3308047947764742
2061-VVFST,0,0.2722230424651968
6821-JPCDC,0,0.4638157531125011
0436-TWFFZ,0,0.020588571353761485
8970-ANWXO,0,0.07626929222105756
3453-RTHJQ,1,0.7911959232596197
1069-QJOEE,0,0.05997961061155392
0281-CNTZX,0,0.034257099851375226
0058-EVZWM,0,0.4031369273842331
6008-NAIXK,0,0.3740721445055956
3191-CSNMG,1,0.8273760248167659
0909-SELIE,0,0.029458796824219154
4237-CLSMM,0,0.12179275481972099
5196-SGOAK,1,0.9009770513132777
6543-CPZMK,0,0.3105961626909861
8272-ONJLV,1,0.6384848519939728
3313-QKNKB,0,0.4795184720857993
3675-EQOZA,0,0.30335720167989705
7893-IXHRQ,1,0.6087395497412191
3190-FZATL,0,0.09291575705942916
2731-GJRDG,0,0.26363111698566394
0076-LVEPS,0,0.07476522852357018
2252-NKNSI,0,0.017425680508541014
2897-DOVND,1,0.7955277871861913
4465-VDKIQ,1,0.6361624264487681
8652-YHIYU,0,0.15982346946242876
8016-NCFVO,0,0.37016009493110347
8626-PTQGE,0,0.04752444994886008
9685-WKZGT,1,0.7948194458185073
7502-BNYGS,0,0.33721886685764807
1619-YWUBB,0,0.03460701258483031
0851-DFJKB,0,0.32183145851666417
7009-PCARS,0,0.02608424679534297
9258-CNWAC,0,0.026935096320434174
0106-GHRQR,0,0.3799925983974195
2984-RGEYA,0,0.03503431207626436
0513-RBGPE,0,0.016544945363231266
9122-UMROB,0,0.33907812277515353
1265-HVPZB,0,0.06370733420641157
2604-IJPDU,1,0.5037282907373781
8879-XUAHX,0,0.041048954644283424
0975-UYDTX,0,0.09762161192994108
5281-BUZGT,1,0.5737098533919754
8314-HTWVE,0,0.03374220782828694
1038-RQOST,0,0.09329073666163408
5889-JTMUL,1,0.5749560501045263
9747-DDZOS,1,0.910905985238488
2748-MYRVK,0,0.48877789047592557
7654-YWJUF,0,0.07302148287204366
6823-SIDFQ,0,0.018474903611624183
7463-IFMQU,0,0.022001639441576126
1658-XUHBX,0,0.40133865514097605
8993-PHFWD,1,0.8513669260004899
2700-LUEVA,0,0.3159789061668449
1965-DDBWU,0,0.490736412340299
1768-HNVGJ,0,0.23895987928529386
3858-XHYJO,1,0.578493383498638
2284-VFLKH,0,0.3205424706724825
2609-IAICY,1,0.9371893755500865
8930-XOTDP,0,0.32640659379230386
2434-EEVDB,0,0.09890378799850007
4973-MGTON,0,0.02491123210640341
6227-HWPWX,1,0.6448297187422287
1541-ETJZO,0,0.49624900426062135
3682-YEUWS,0,0.11040673244165351
6953-PBDIN,0,0.03809551521942844
6332-FBZRI,0,0.0366451344097825
0754-EEBDC,0,0.04045241734473932
2535-PBCGC,0,0.05600481958841836
5167-ZFFMM,1,0.8650983992509746
2659-VXMWZ,0,0.18038712875757773
0506-LVNGN,1,0.8248533149707586
0323-XWWTN,0,0.039270678436234614
3679-XASPY,1,0.6886243852061895
4092-OFQZS,0,0.03683961853402693
3227-WLKLI,0,0.026969815901856292
0447-BEMNG,0,0.44898704254768107
5968-HYJRZ,0,0.017976696299935598
3331-HQDTW,0,0.2805262207213081
4102-HLENU,0,0.0252827282687445
0946-FKYTX,0,0.10829023596625406
8869-LIHMK,0,0.15969358734239888
1853-ARAAQ,0,0.43947421772058676
2159-TURXX,0,0.2355646342455608
6270-OMFIW,0,0.30487010732810205
1230-QAJDW,1,0.5371775898013577
0723-VSOBE,0,0.3518096953382907
2585-KTFRE,0,0.27964032183885856
7130-VTEWQ,1,0.8289075451802923
8406-LNMHF,0,0.08326451014062476
7410-KTVFV,0,0.2576299737700965
7074-STDCN,0,0.3826501335874822
6980-IMXXE,0,0.032909522330526825
0486-HECZI,0,0.4724524362761997
7569-NMZYQ,0,0.012512591988826843
4819-HJPIW,0,0.35784962832881734
8309-PPCED,0,0.043212439646312044
7312-XSBAT,0,0.4590752034236949
6598-RFFVI,0,0.03145450523816273
9945-PSVIP,0,0.00726549331895469
9531-NSBMR,0,0.06890774457190234
9796-MVYXX,0,0.04520412586181959
9512-UIBFX,1,0.5166520288302918
1657-DYMBM,0,0.03310430024619678
5204-QZXPU,1,0.6729227914257142
9348-ROUAI,0,0.027163321952333203
5288-AHOUP,1,0.7439038813433037
4724-WXVWF,0,0.3550049070802725
0222-CNVPT,0,0.4317777212868477
5447-VYTKW,0,0.10867040146653802
9208-OLGAQ,1,0.8003264321383223
6770-XUAGN,1,0.5540158435024449
7801-KICAO,1,0.7887128283351986
8929-KSWIH,0,0.19692354062854678
6599-GZWCM,0,0.16612870636667892
2952-QAYZF,1,0.8161947792816159
2737-YNGYW,1,0.8479261852396096
1929-ZCBHE,0,0.05964891242306524
1166-PQLGG,0,0.020831511097970455
2650-GYRYL,0,0.05381160361449563
5627-TVBPP,0,0.05211457635956354
7445-WMRBW,0,0.08779228965820288
3223-DWFIO,1,0.8557991438916802
6704-UTUKK,1,0.6382524546569219
8397-MVTAZ,1,0.7572334086720139
8882-TLVRW,0,0.02742273346845666
8409-WQJUX,0,0.18552195766404656
8218-FFJDS,0,0.017440998395528432
3769-MHZNV,0,0.018105352027561448
3301-VKTGC,0,0.07776217920376086
7242-EDTYC,0,0.028158948840952235
2817-LVCPP,0,0.030734332893299895
3460-TJBWI,0,0.011117606306995839
0377-JBKKT,0,0.08134760879256564
8915-NNTRC,0,0.017775254870853886
6856-RAURS,1,0.7626347546607175
0487-CRLZF,0,0.03918319573105127
3807-BPOMJ,0,0.23653502274502441
3006-XIMLN,1,0.8932728544901278
3750-CKVKH,1,0.7955277871861913
2391-SOORI,0,0.3529825820282323
6338-AVWCY,1,0.7890029255898289
3237-AJGEH,1,0.6030316316832242
8695-ARGXZ,1,0.7225048750139219
6559-RAKOZ,0,0.3553964859639555
1867-BDVFH,1,0.624025102028969
3597-YASZG,0,0.18289173441268247
6483-OATDN,0,0.23121653072735845
7531-GQHME,0,0.14147454466398474
8840-DQLGN,0,0.3451284025228305
6583-SZVGP,0,0.4346522789163343
8182-PNAGI,0,0.3017290611871944
0315-LVCRK,1,0.7882291211585241
1853-UDXBW,1,0.8691127596842184
2930-UOTMB,0,0.18582860548766814
6023-YEBUP,1,0.9115238473022211
2995-UPRYS,0,0.30806757271979157
7520-HQWJU,0,0.13631368354197915
0691-NIKRI,1,0.6351207401840618
3665-JATSN,1,0.6836937406508551
8620-RJPZN,1,0.6279651144156533
6993-YCOBK,0,0.12506545704364183
8922-NPKBJ,0,0.014837947532561187
4942-VZZOM,0,0.07186257257020648
4701-LKOZD,0,0.041853625949476954
7621-VPNET,0,0.37033308747329846
1345-ZUKID,0,0.03951867279710315
7839-NUIAA,0,0.13582026970813343
2758-RNWXS,0,0.2087476676041166
8280-MQRQN,1,0.7964442750843734
5813-UECBU,1,0.5176338687592741
6139-ZZRBQ,0,0.04016888659299318
6972-SNKKW,0,0.22354918078843705
8433-WPJTV,0,0.34540677343696785
7924-GJZFI,1,0.7182823509656251
4674-HGNUA,0,0.020713485745894447
5380-WJKOV,1,0.7548593075518176
8111-RKSPX,1,0.8593386106817776
6319-QSUSR,0,0.17445134268930784
1722-LDZJS,0,0.05058902087325036
9279-CJEOJ,1,0.8444902694022846
3768-NLUBH,1,0.7991972284402268
2674-MIAHT,1,0.8096448070414933
4452-QIIEB,0,0.4812713263838013
6061-GWWAV,0,0.05770698428422519
8393-DLHGA,1,0.6981205896033305
4678-DVQEO,1,0.6472096690305461
4709-LKHYG,0,0.05861356350022533
4423-JWZJN,0,0.18678110023589953
9209-NWPGU,0,0.10160111890512707
7252-NTGSS,1,0.8598056922840983
2599-CIPQE,0,0.05066544448502405
2987-BJXIK,0,0.021967431295748702
5562-YJQGT,0,0.1699206987034143
0923-PNFUB,1,0.8210688599906384
3077-RSNTJ,0,0.16911498880630624
5828-AVIPD,0,0.407085597417195
6137-NICCO,1,0.8638066452721622
8430-TWCBX,0,0.061325273531450904
0327-WFZSY,1,0.5177338400199369
3096-WPXBT,0,0.12674449430773854
9895-VFOXH,1,0.8191563767913538
3363-EWLGO,0,0.2972930459636511
3594-KADLU,0,0.3196711022797875
0397-ZXWQF,0,0.042905171551254194
7524-VRLPL,0,0.03790259158108133
8096-LOIST,1,0.6416645599447891
2272-JKMSI,0,0.21913548017561935
0928-JMXNP,1,0.828358070940322
9274-UARKJ,1,0.7393012874067373
1485-YDHMM,0,0.3000428699719174
4211-MMAZN,1,0.5087505967122614
4706-DGAHW,1,0.8516514466406366
5472-CVMDX,0,0.04223926614724319
4464-JCOLN,0,0.03449510809125551
1545-JFUML,0,0.05435373033942354
9391-TTOYH,0,0.12807573353202306
0603-TPMIB,0,0.018234133495207253
9367-TCUYN,0,0.22822930333049624
4075-JFPGR,0,0.13349297600410354
0412-UCCNP,0,0.04582714409930653
2519-LBNQL,0,0.4181933458829639
1809-DMJHQ,1,0.6089910396073569
2322-VCZHZ,0,0.33198278998777403
3058-WQDRE,1,0.5031899440425148
8166-ZZTFS,0,0.04738271682705712
3126-WQMGH,0,0.34684211984930563
4892-VLANZ,1,0.6451170903184054
9576-ANLXO,1,0.8433874821061489
9975-GPKZU,0,0.012918543046240375
9194-GFVOI,0,0.035015775960745815
1113-IUJYX,0,0.15323068434142081
8711-LOBKY,0,0.017884831194039226
3858-VOBET,1,0.6638818876836917
9030-QGZNL,0,0.036023740393811045
0628-CNQRM,0,0.0602571141967498
1735-XMJVH,0,0.1484928159647892
9057-SIHCH,1,0.9387598625514634
7073-QETQY,0,0.05452629319213836
7722-VJRQD,0,0.026583603960283288
6158-HDPXZ,1,0.8212644313683978
3722-WPXTK,1,0.9382334531366441
6164-HXUGH,0,0.15851240700455974
1302-TPUBN,0,0.04564486624662514
9592-ERDKV,0,0.10829420403551884
8445-DNBAE,1,0.5504300725022329
4547-LYTDD,1,0.783761724785817
8221-HVAYI,0,0.015560504011542504
5176-OLSKT,0,0.04457327455200339
6048-UWKAL,0,0.17717345235295953
7617-EYGLW,1,0.7408928544792802
0685-MLYYM,1,0.8290265572260305
6777-TGHTM,1,0.5512172416742621
4011-ARPHK,0,0.15974223466109339
8495-LJDFO,0,0.38509979696163454
2961-VNFKL,0,0.02592913716079878
4531-AUZNK,0,0.04551262220697717
6711-VTNRE,1,0.5736561438301435
8097-VBQTZ,0,0.08193195787598938
0732-OCQOC,0,0.02979620189372506
1471-GIQKQ,1,0.6187516816297371
1355-KUSBG,1,0.6204288030590923
3325-FUYCG,0,0.10333341283930468
9107-UKCKY,0,0.192654519944247
0480-KYJVA,0,0.01442036113736799
1952-DVVSW,0,0.05284739641502747
7159-FVYPK,1,0.6460011146102197
5906-CVLHP,0,0.05228469476615243
9648-BCHKM,0,0.02167822602074112
4039-PIMHX,0,0.04200367857019253
6500-JVEGC,0,0.21385434161250458
4118-CEVPF,0,0.16854071367414783
9227-LUNBG,1,0.8578232602378808
5148-ORICT,0,0.023990416732414158
2925-VDZHY,0,0.014178074849620578
9762-YAQAA,0,0.27386758783914844
1666-JXLKU,1,0.8340628491633567
2263-SFSQZ,0,0.01566961393813839
7471-MQPOS,0,0.03106753270635828
4419-UJMUS,0,0.1301357939659774
5524-KHNJP,0,0.11551336351862654
4727-MCYZG,1,0.8215888275477208
3877-JRJIP,1,0.8698948601122144
4329-YPDDQ,0,0.4833562180542062
6680-WKXRZ,1,0.8517467841888237
9867-XOBQA,0,0.028396696537891456
0906-QVPMS,0,0.029795019180451424
9611-CTWIH,1,0.9059628026377551
0295-QVKPB,0,0.46945375732890166
4632-XJMEX,0,0.04798081870366699
0655-RBDUG,1,0.9276798189031723
1247-QBVSH,0,0.13169917981872908
2369-FEVNO,1,0.7118963456878326
5832-EXGTT,0,0.0847562773407754
2829-HYVZP,0,0.036738770085716896
2096-XOTMO,0,0.13849989219916223
9767-FFLEM,1,0.6218514221646162
0969-RGKCU,0,0.03115298936365391
2025-JKFWI,1,0.6241867834792661
8212-DJRCH,0,0.49627392614694055
4742-TXUEX,0,0.02391233464793902
3978-YNKDD,0,0.0187711695806613
9089-UOWJG,0,0.33022092704781886
5271-YNWVR,0,0.07282101350755764
0409-WTMPL,0,0.2687365388377605
8042-RNLKO,0,0.08729712836664817
6578-KRMAW,0,0.3557556241427724
4282-MSACW,1,0.671030569624102
8053-WWDRO,0,0.2847056848899243
3373-YZZYM,0,0.10711332197740726
5222-IMUKT,1,0.7700093310376125
5158-RIVOP,0,0.027769964693085677
3884-UEBXB,0,0.06400688959662715
8023-QHAIO,0,0.419904546773676
5698-BQJOH,1,0.8910914656646063
6870-ZWMNX,0,0.026739461770112247
4785-FCIFB,0,0.02528834355783141
3672-YITQD,1,0.7967964181233869
0447-RXSGD,1,0.8535427086276377
4086-WITJG,0,0.0159082038310024
7872-BAAZR,0,0.05510828417311439
3589-PPVKW,0,0.42577285442200663
8720-RQSBJ,1,0.5390474118843828
7551-DACSP,0,0.34608406054125584
7854-EKTJL,0,0.3117139660189707
5373-SFODM,1,0.6469266222422044
2812-SFXMJ,0,0.47460563058375765
3374-PZLXD,0,0.1423963372874317
9860-LISIZ,0,0.17098421574418554
1982-FEBTD,0,0.013387312567095435
9402-ORRAH,1,0.8678017522181442
5014-WUQMG,0,0.14061344300304116
7789-CRUVC,0,0.16892492250815044
1069-XAIEM,1,0.9499080729078366
9953-ZMKSM,0,0.02572016604863421
8617-ENBDS,1,0.7606834612084228
7611-YKYTC,0,0.3533910623063196
0071-NDAFP,0,0.013857911299797736
4369-NYSCF,0,0.12164534740511203
3841-CONLJ,1,0.9061925814701274
5159-YFPKQ,1,0.8262065274835655
5052-PNLOS,1,0.7580888115555774
7399-QHBJS,0,0.015504895168253622
6834-NXDCA,1,0.6859408827158923
5198-HQAEN,0,0.16146559646138267
1608-GMEWB,1,0.6957783552464668
1746-TGTWV,1,0.8266540828754848
6891-JPYFF,0,0.3099829182534757
8173-RXAYP,0,0.013772395370688974
4989-LIXVT,1,0.642707008977664
9840-DVNDC,1,0.7412677606336316
2040-XBAVJ,0,0.02272049388781086
6344-SFJVH,1,0.5072392172457733
9548-LERKT,0,0.012559337168333705
8709-KRDVL,1,0.8412035473520347
5976-JCJRH,1,0.7548579847254652
4829-AUOAX,1,0.8218418672317044
9286-BHDQG,0,0.025887248562993178
9907-SWKKF,1,0.8630557817457954
8266-VBFQL,1,0.7282313830377977
4512-ZUIYL,1,0.8072990877812529
7503-QQRVF,0,0.49381302730656607
7923-IYJWY,0,0.15578519002139346
9565-JSNFM,0,0.3015040035991768
7359-WWYJV,0,0.027232649109706897
6497-TILVL,0,0.2851830785839849
5331-RGMTT,1,0.7250814869457878
2856-HYAPG,1,0.9303952176255468
0733-VUNUW,0,0.25778831525139445
8966-KZXXA,0,0.01414839597572351
0576-WNXXC,1,0.6570174688687305
7601-GNDYK,0,0.014627213971656781
5228-EXCET,1,0.7500335954734508
9048-JVYVF,1,0.5475751722411586
2129-ALKBS,0,0.2509855393843483
5240-CAOYT,0,0.2466316695786558
8259-DZLIZ,0,0.04947748404456652
9050-QLROH,1,0.6138703479357733
7037-MTYVW,0,0.034238661253441466
0679-IDSTG,1,0.8991493365702582
6376-GAHQE,1,0.872175263233598
9732-KPKBW,0,0.23227895365285361
6331-LWDTQ,1,0.5260633735852659
0829-XXPLX,1,0.5659436464305716
1170-SASML,1,0.5348206637933289
8621-MNIHH,1,0.7246595987263504
5103-MHMHY,1,0.7833447949140869
6671-NGWON,0,0.27178989609895665
1329-VHWNP,1,0.7837883030732726
7579-KKLOE,0,0.009515307341937009
4049-ZPALD,0,0.15185838578926183
6475-VHUIZ,0,0.387541479120652
6000-UKLWI,0,0.017995967321855256
4589-IUAJB,0,0.04634002845627357
5827-MWCZK,0,0.2506462145208919
3540-RZJYU,1,0.7120082700478056
5327-XOKKY,0,0.02250767389704699
5357-TZHPP,1,0.760130083761984
9506-UXUSK,1,0.7305387542003134
1744-JHKYS,0,0.305503742162843
7926-IJOOU,0,0.13820690333258162
3125-RAHBV,0,0.05335114321288038
5178-LMXOP,1,0.9436580982234024
1986-PHGZF,0,0.2611804155513018
8128-YVJRG,1,0.55634877995368
8393-JMVMB,1,0.7262471418476318
9153-BTBVV,0,0.03330733631554096
0719-SYFRB,0,0.183217437778411
9674-EHPPG,0,0.029195048301458807
7056-IMHCC,1,0.8297177043097842
0379-DJQHR,0,0.03183179629238085
2105-PHWON,1,0.5120871492768305
9389-ACWBI,1,0.7136717557211237
5699-BNCAS,0,0.021095524573223074
8455-HIRAQ,0,0.49893764064281787
9233-PSYHO,1,0.5274573002903843
8821-KVZKQ,0,0.10628767598150202
6668-CNMFP,0,0.28274333024919246
3721-CNEYS,1,0.83754761199101
6435-SRWBJ,1,0.7667413212680353
4538-WNTMJ,0,0.04072889390684373
2108-YKQTY,1,0.6017728406771016
3097-NQYSN,1,0.7290765131995599
1395-OFUWC,0,0.1451525035089693
7878-JGDKK,1,0.6209921494586187
8097-OMULG,0,0.06132395612778504
1066-JKSGK,1,0.66423585642242
5975-BAICR,0,0.055440126108936616
5445-GLVOT,1,0.5528177423666956
8402-EIVQS,0,0.2197968924131147
9572-WUKSB,1,0.5786805612261938
7629-WIXZF,0,0.2831520409082908
7198-GLXTC,1,0.814952668112082
5067-DGXLL,0,0.1787876796247906
5774-QPLTF,0,0.028633686160870073
3537-RYBHH,0,0.22977367083953973
4002-BQWPQ,0,0.17089893910879722
2165-VOEGB,0,0.24059153248466122
4154-AQUGT,0,0.40872703217247414
5985-BEHZK,0,0.09725069075319402
3450-WXOAT,0,0.33729972845280964
6060-QBMGV,0,0.024432544712556552
8696-JKZNU,1,0.7934403419437871
8429-XIBUM,1,0.7328624989438763
9445-SZLCH,1,0.573439431187318
0876-WDUUZ,1,0.7986847236532981
6094-ZIVKX,0,0.07162196292691829
5149-QYTTU,0,0.015094679413615503
1474-JUWSM,0,0.06048864428741138
3318-OSATS,1,0.7628016699620266
2956-GGUCQ,0,0.4023767967555315
9753-OYLBX,1,0.7031917718151289
8701-DGLVH,0,0.03272181474786997
3211-AAPKX,1,0.681987632470556
3400-ESFUW,0,0.035688860639038957
5136-GFPMB,1,0.5687533071919507
8050-XGRVL,0,0.04423390494734781
0778-NELLA,1,0.5927830318225648
5322-TEUJK,0,0.0359108617741353
0623-EJQEG,0,0.17455661445762935
6617-WLBQC,0,0.09870127490936854
0824-VWDPO,0,0.2682200345900705
3308-DGHKL,0,0.03302928079402568
6557-BZXLQ,1,0.8081902133216953
9795-SHUHB,0,0.02262903373677522
5339-PXDVH,1,0.6644436692456666
7016-NVRIC,0,0.2003904137005917
8152-UOBNY,0,0.3115812003668107
9254-RBFON,0,0.42307953254367564
6723-CEGQI,0,0.05867330700116348
4707-MAXGU,0,0.015140742652893129
6166-ILMNY,1,0.8072990877812529
0040-HALCW,0,0.027100879570078576
9804-ICWBG,1,0.9207717139918993
7876-BEUTG,0,0.37428141365422957
2325-ZUSFD,0,0.06277016953849687
0096-BXERS,1,0.7080070466133698
9086-YJYXS,0,0.16743628461892401
2309-OSFEU,1,0.5115517955413091
7740-BTPUX,0,0.42372445584845836
7931-PXHFC,0,0.05368366333590828
3694-GLTJM,0,0.2846050982562
0230-UBYPQ,0,0.09394277010873463
2984-AFWNC,1,0.8457455685156464
4753-PADAS,1,0.5431151522899207
7808-DVWEP,0,0.30288473223455664
2103-ZRXFN,1,0.7816597334498848
3785-NRHYR,1,0.5229741083338223
4640-UHDOS,0,0.38035319157298675
0487-VVUVK,0,0.03866080029096373
1784-EZDKJ,1,0.6041637685348965
3627-FHKBK,1,0.7908204583377236
8375-KVTHK,0,0.2933206397580677
5583-EJXRD,0,0.02122453551222941
3030-YDNRM,1,0.8004497031905532
4342-HENTK,1,0.7238427959298641
2750-BJLSB,0,0.39571236792895914
7881-EVUAD,1,0.6597154897576567
6000-APYLU,1,0.7694689926291166
7711-GQBZC,0,0.025740971256969766
0822-QGCXA,0,0.2289975217674103
1936-CZAKF,0,0.08765549480306112
5980-BDHPY,0,0.014946939861346998
7277-OZCGZ,1,0.5119387268469778
4324-AHJKS,1,0.5392639294800754
0823-HSCDJ,1,0.6054290843641346
3556-BVQGL,0,0.042728196138518644
2865-TCHJW,1,0.9113199469737757
0168-XZKBB,1,0.8373914373274195
4817-VYYWS,1,0.834885749042302
0235-KGSLC,1,0.905140948650982
4770-QAZXN,0,0.2064087848457187
3785-KTYSH,0,0.02600926459707391
4283-FUTGF,1,0.6931468162369687
4115-NZRKS,1,0.9140358627032892
6806-YDEUL,0,0.2909997206299719
4128-ETESU,1,0.8121789451293937
2085-JVGAD,0,0.20711171664524664
4360-PNRQB,1,0.6710835593045198
4353-HYOJD,0,0.1095810052353059
3179-GBRWV,0,0.23119533941812656
4818-QIUFN,1,0.6050837887040547
7504-UWHNB,1,0.7062608270465464
5553-AOINX,0,0.3498555572921447
3410-MHHUM,0,0.27726727364676185
3192-LNKRK,0,0.478686417223051
1097-FSPVW,0,0.340190452306515
2483-XSSMZ,0,0.1598489198974123
2732-ISEZX,0,0.3005532862119479
7975-JMZNT,0,0.03501014043512611
3606-SBKRY,0,0.32549223097115126
1047-RNXZV,0,0.01941655224285876
5174-ITUMV,0,0.39564302806811874
0080-EMYVY,0,0.10859052835095212
6956-SMUCM,1,0.816358547949103
1265-BCFEO,0,0.03958540014700391
3696-XRIEN,0,0.11121650013866423
0853-TWRVK,0,0.04944262157408853
6521-YYTYI,1,0.9215627380862944
7244-KXYZN,0,0.046963148965742274
4946-EDSEW,0,0.14627051592734966
1763-WQFUK,0,0.48879368857764754
2761-OCIAX,1,0.7468494997392365
2282-YGNOR,0,0.06822895087359082
1862-QRWPE,0,0.04173577852043947
8857-CUPFQ,0,0.017434989528877884
5630-AHZIL,0,0.4143869531101136
5949-EBSQK,0,0.36970190274794196
8654-DHAOW,1,0.5111403574824429
4393-RYCRE,0,0.3544348430854058
9297-EONCV,0,0.019426182691094238
2272-WUSPA,0,0.05440471138727717
6892-XPFPU,1,0.8080392477420634
7534-BFESC,1,0.680847017830882
5027-YOCXN,0,0.20424927532478493
9470-YFUYI,0,0.01749914597229594
6518-KZXCB,0,0.020047374783567846
8869-TORSS,0,0.08002050772765283
8699-ASUFO,1,0.7704948612649847
3156-QLHBO,0,0.1193157541358326
3011-WQKSZ,0,0.20110233531547175
5533-NHFRF,0,0.33379614455327866
2101-RANCD,1,0.6994640512019159
6817-WTYHE,1,0.6759880013648547
2482-CZGBB,1,0.7552851596208527
3523-QRQLL,0,0.14643630888431314
4304-TSPVK,0,0.10470161731861678
9489-UTFKA,0,0.4345780681990044
1459-QNFQT,0,0.046054228960842984
4983-CLMLV,1,0.6068957134435098
1522-VVDMG,1,0.5199977274007339
8791-GFXLZ,0,0.3389133525631228
2669-QVCRG,1,0.5416402352689069
6199-IPCAO,0,0.015874691070299183
8727-JQFHV,0,0.025085970488287437
8819-IMISP,1,0.6748201513731203
0924-BJCRC,1,0.5502627300083307
7821-DPRQE,0,0.3157019823274822
0556-FJEGU,0,0.03310905486320101
9878-TNQGW,1,0.8477758663951898
1766-GKNMI,1,0.7999610515796814
7422-WNBTY,1,0.6835283918599457
5915-ANOEI,0,0.014851032609123332
6651-AZVTJ,1,0.724439468065979
2135-DQWAQ,1,0.8517614165557044
4685-TFLLS,0,0.05987412706191247
7766-CLTIC,0,0.3416133252713807
3761-FLYZI,1,0.6521598917043077
2077-MPJQO,1,0.8451093650232635
4998-IKFSE,1,0.8388792862393426
7587-RZNME,1,0.707145575689368
4078-SAYYN,1,0.9358425727999544
8041-TMEID,0,0.23192064559273573
3055-MJDSB,1,0.5326954142207345
3018-TFTSU,0,0.4662032923161101
8976-OQHGT,0,0.45229291286333445
4208-UFFGW,1,0.5946981547316105
2718-YSKCS,0,0.027680692641477468
5269-NRGDP,0,0.12355394296830173
9138-EFSMO,0,0.22021268391420518
1926-QUZNN,0,0.02256069130609037
5701-ZIKJE,0,0.14953653869503775
2546-KZAAT,0,0.0669469816955925
1469-LBJQJ,1,0.7610879717163149
5186-SAMNZ,1,0.9082621241872606
6810-VCAEX,0,0.11732386389282491
1534-OULXE,0,0.0651080176414466
9470-RTWDV,0,0.06648120610816285
0297-RBCSG,0,0.11306081534133196
7029-RPUAV,1,0.7404217842217767
6519-ZHPXP,0,0.04396220525931921
5091-HFAZW,1,0.6379440156487746
7609-NRNCA,0,0.05292628317828411
6734-FQAJX,0,0.10693437741294273
5996-DAOQL,0,0.3425732049473245
1320-HTRDR,1,0.8699917138341087
6924-TDGMT,0,0.055583796920569216
9073-ZZIAY,0,0.028271947068868947
8782-NUUOL,0,0.052753100581184445
2789-CZANW,0,0.11463406941287445
5206-XZZQI,0,0.23669585531381188
7690-KPNCU,0,0.09000485826840068
5701-SVCWR,1,0.5925228051473403
3996-ZNWYK,0,0.016218771090165292
8963-MQVYN,0,0.2168961536635305
5376-DEQCP,1,0.8602701764108783
1328-EUZHC,0,0.02333070493724513
1303-SRDOK,0,0.06415005654832959
2582-FFFZR,1,0.7583538645763057
4750-ZRXIU,1,0.9250617126489893
6732-FZUGP,0,0.24126902688425095
3638-DIMPH,0,0.12678928564299055
9372-TXXPS,0,0.028824507162749795
0750-EBAIU,0,0.22475555620623963
7410-YTJIK,1,0.7930118087951002
6695-FRVEC,0,0.022938071410188065
8490-BXHEO,1,0.5411662850929893
9955-QOPOY,0,0.08203627470401846
5313-FPXWG,0,0.07846494914761036
0902-RFHOF,0,0.04188668168491338
4646-QZXTF,0,0.44299431351004087
2205-LPVGL,0,0.056952257169141145
2043-WVTQJ,1,0.6639629601871149
3831-YCPUO,0,0.012742127494231243
8404-VIOMB,0,0.049368907807979194
3319-DWOEP,1,0.9409358985517553
3594-BDSOA,0,0.037445896255633423
8318-LCNBW,0,0.17618702892601684
4012-ZTHBR,0,0.3492367833281976
7673-BQGKU,0,0.032909522330526825
8908-SLFCJ,0,0.033624113004389174
2123-AGEEN,1,0.8969791779054088
2675-IJRGJ,0,0.04415500681564043
1902-XBTFB,1,0.5855011820290918
4693-VWVBO,0,0.44702905822624955
1600-DILPE,0,0.49806537764449066
0128-MKWSG,0,0.18606902038989834
1179-INLAT,0,0.09591052052102648
3891-NLXJB,0,0.024760294990200406
8957-THMOA,0,0.02780554117433329
